{"cameraMode":{"drawMode":0,"name":"Shaded","section":"Shading Mode"},"sceneLighting":false,"audioPlay":false,"sceneViewState":{"m_AlwaysRefresh":false,"showFog":true,"showSkybox":false,"showFlares":true,"showImageEffects":true,"showParticleSystems":true,"showVisualEffectGraphs":true,"m_FxEnabled":true},"in2DMode":false,"pivot":{"x":65.63544464111328,"y":8.542987823486329,"z":0.9764595031738281},"rotation":{"x":0.10844813287258148,"y":0.0655621737241745,"z":-0.007167481351643801,"w":0.9919200539588928},"size":23.169872283935548,"orthographic":false}