{"cameraMode":{"drawMode":0,"name":"Shaded","section":"Shading Mode"},"sceneLighting":false,"audioPlay":false,"sceneViewState":{"m_AlwaysRefresh":false,"showFog":true,"showSkybox":false,"showFlares":true,"showImageEffects":true,"showParticleSystems":true,"showVisualEffectGraphs":true,"m_FxEnabled":true},"in2DMode":false,"pivot":{"x":72.93995666503906,"y":17.7978572845459,"z":-2.7129714488983156},"rotation":{"x":0.005382779520004988,"y":0.05007850006222725,"z":0.0002758961927611381,"w":-0.9987868070602417},"size":22.505216598510743,"orthographic":false}