{"cameraMode":{"drawMode":0,"name":"Shaded","section":"Shading Mode"},"sceneLighting":false,"audioPlay":false,"sceneViewState":{"m_AlwaysRefresh":false,"showFog":true,"showSkybox":false,"showFlares":true,"showImageEffects":true,"showParticleSystems":true,"showVisualEffectGraphs":true,"m_FxEnabled":true},"in2DMode":false,"pivot":{"x":12.830248832702637,"y":-6.958306312561035,"z":6.387806415557861},"rotation":{"x":0.12358133494853974,"y":0.004465701058506966,"z":-0.0005550894420593977,"w":0.992328941822052},"size":28.0489501953125,"orthographic":false}