{"cameraMode":{"drawMode":0,"name":"Shaded","section":"Shading Mode"},"sceneLighting":true,"audioPlay":false,"sceneViewState":{"m_AlwaysRefresh":false,"showFog":true,"showSkybox":true,"showFlares":true,"showImageEffects":true,"showParticleSystems":true,"showVisualEffectGraphs":true,"m_FxEnabled":true},"in2DMode":false,"pivot":{"x":529.1647338867188,"y":20.43259620666504,"z":-4.456211090087891},"rotation":{"x":-0.21693308651447297,"y":-0.018451791256666185,"z":0.004100693389773369,"w":-0.9760120511054993},"size":63.52892303466797,"orthographic":false}