{"cameraMode":{"drawMode":0,"name":"Shaded","section":"Shading Mode"},"sceneLighting":true,"audioPlay":false,"sceneViewState":{"m_AlwaysRefresh":false,"showFog":true,"showSkybox":true,"showFlares":true,"showImageEffects":true,"showParticleSystems":true,"showVisualEffectGraphs":true,"m_FxEnabled":true},"in2DMode":false,"pivot":{"x":325.62518310546877,"y":21.365942001342775,"z":4.672760486602783},"rotation":{"x":0.14974446594715119,"y":0.0029620956629514696,"z":-0.0004482328658923507,"w":0.9887257218360901},"size":534.882080078125,"orthographic":false}