{"cameraMode":{"drawMode":0,"name":"Shaded","section":"Shading Mode"},"sceneLighting":true,"audioPlay":false,"sceneViewState":{"m_AlwaysRefresh":false,"showFog":true,"showSkybox":true,"showFlares":true,"showImageEffects":true,"showParticleSystems":true,"showVisualEffectGraphs":true,"m_FxEnabled":true},"in2DMode":false,"pivot":{"x":3.24646258354187,"y":1.4621148109436036,"z":7.785788536071777},"rotation":{"x":0.15179255604743958,"y":0.014825757592916489,"z":-0.0022767065092921259,"w":0.9883037209510803},"size":307.5992736816406,"orthographic":false}