{"cameraMode":{"drawMode":0,"name":"Shaded","section":"Shading Mode"},"sceneLighting":true,"audioPlay":false,"sceneViewState":{"m_AlwaysRefresh":false,"showFog":true,"showSkybox":true,"showFlares":true,"showImageEffects":true,"showParticleSystems":true,"showVisualEffectGraphs":true,"m_FxEnabled":true},"in2DMode":false,"pivot":{"x":40.59352493286133,"y":16.02059555053711,"z":2.6341819763183595},"rotation":{"x":-0.18771851062774659,"y":-0.31843817234039309,"z":0.06448499858379364,"w":-0.9269472360610962},"size":27.658357620239259,"orthographic":false}