{"cameraMode":{"drawMode":0,"name":"Shaded","section":"Shading Mode"},"sceneLighting":true,"audioPlay":false,"sceneViewState":{"m_AlwaysRefresh":false,"showFog":true,"showSkybox":true,"showFlares":true,"showImageEffects":true,"showParticleSystems":true,"showVisualEffectGraphs":true,"m_FxEnabled":true},"in2DMode":false,"pivot":{"x":29.408573150634767,"y":77.03559875488281,"z":102.86431884765625},"rotation":{"x":-0.4486900866031647,"y":-0.009930993430316449,"z":0.004965007770806551,"w":-0.8936617970466614},"size":103.89288330078125,"orthographic":false}