{"cameraMode":{"drawMode":0,"name":"Shaded","section":"Shading Mode"},"sceneLighting":true,"audioPlay":false,"sceneViewState":{"m_AlwaysRefresh":false,"showFog":true,"showSkybox":true,"showFlares":true,"showImageEffects":true,"showParticleSystems":true,"showVisualEffectGraphs":true,"m_FxEnabled":true},"in2DMode":false,"pivot":{"x":0.004093289375305176,"y":-68.91557312011719,"z":0.6377636194229126},"rotation":{"x":-0.1766146719455719,"y":-0.025097249075770379,"z":-0.004505926743149757,"w":0.9839643836021423},"size":164.73500061035157,"orthographic":false}