{"cameraMode":{"drawMode":0,"name":"Shaded","section":"Shading Mode"},"sceneLighting":true,"audioPlay":false,"sceneViewState":{"m_AlwaysRefresh":false,"showFog":true,"showSkybox":true,"showFlares":true,"showImageEffects":true,"showParticleSystems":true,"showVisualEffectGraphs":true,"m_FxEnabled":true},"in2DMode":false,"pivot":{"x":37.37543869018555,"y":29.010149002075197,"z":-8.463898658752442},"rotation":{"x":-0.21693308651447297,"y":-0.018451791256666185,"z":0.004100693389773369,"w":-0.9760120511054993},"size":344.2652282714844,"orthographic":false}