{"cameraMode":{"drawMode":0,"name":"Shaded","section":"Shading Mode"},"sceneLighting":false,"audioPlay":false,"sceneViewState":{"m_AlwaysRefresh":false,"showFog":true,"showSkybox":false,"showFlares":true,"showImageEffects":true,"showParticleSystems":true,"showVisualEffectGraphs":true,"m_FxEnabled":true},"in2DMode":false,"pivot":{"x":-6.021315574645996,"y":9.455524444580079,"z":-1.5051277875900269},"rotation":{"x":0.23124803602695466,"y":0.017511308193206788,"z":-0.004162773955613375,"w":0.9727304577827454},"size":34.14561462402344,"orthographic":false}