{"cameraMode":{"drawMode":0,"name":"Shaded","section":"Shading Mode"},"sceneLighting":false,"audioPlay":false,"sceneViewState":{"m_AlwaysRefresh":false,"showFog":true,"showSkybox":false,"showFlares":true,"showImageEffects":true,"showParticleSystems":true,"showVisualEffectGraphs":true,"m_FxEnabled":true},"in2DMode":false,"pivot":{"x":4.887003421783447,"y":0.0000019073486328125,"z":-3.0675888061523439},"rotation":{"x":-0.14632339775562287,"y":-0.41911742091178896,"z":0.06860066950321198,"w":-0.8934856057167053},"size":15.63905143737793,"orthographic":false}