{"cameraMode":{"drawMode":0,"name":"Shaded","section":"Shading Mode"},"sceneLighting":false,"audioPlay":false,"sceneViewState":{"m_AlwaysRefresh":false,"showFog":true,"showSkybox":false,"showFlares":true,"showImageEffects":true,"showParticleSystems":true,"showVisualEffectGraphs":true,"m_FxEnabled":true},"in2DMode":false,"pivot":{"x":46.5051155090332,"y":28.539419174194337,"z":-27.35777473449707},"rotation":{"x":0.07190454006195069,"y":0.031413789838552478,"z":-0.0022680594120174648,"w":0.9969350695610046},"size":11.047906875610352,"orthographic":false}