{"cameraMode":{"drawMode":0,"name":"Shaded","section":"Shading Mode"},"sceneLighting":false,"audioPlay":false,"sceneViewState":{"m_AlwaysRefresh":false,"showFog":true,"showSkybox":false,"showFlares":true,"showImageEffects":true,"showParticleSystems":true,"showVisualEffectGraphs":true,"m_FxEnabled":true},"in2DMode":false,"pivot":{"x":56.00096130371094,"y":15.584799766540528,"z":0.2853275239467621},"rotation":{"x":0.18000194430351258,"y":0.07369987666606903,"z":-0.013524459674954415,"w":0.9808260202407837},"size":22.241012573242189,"orthographic":false}