{"cameraMode":{"drawMode":0,"name":"Shaded","section":"Shading Mode"},"sceneLighting":false,"audioPlay":false,"sceneViewState":{"m_AlwaysRefresh":false,"showFog":true,"showSkybox":false,"showFlares":true,"showImageEffects":true,"showParticleSystems":true,"showVisualEffectGraphs":true,"m_FxEnabled":true},"in2DMode":false,"pivot":{"x":0.659369707107544,"y":0.8378233909606934,"z":-1.5154200792312623},"rotation":{"x":0.4781845510005951,"y":0.006323209032416344,"z":-0.0034432425163686277,"w":0.8782345056533814},"size":17.629196166992189,"orthographic":false}