{"cameraMode":{"drawMode":0,"name":"Shaded","section":"Shading Mode"},"sceneLighting":false,"audioPlay":false,"sceneViewState":{"m_AlwaysRefresh":false,"showFog":true,"showSkybox":false,"showFlares":true,"showImageEffects":true,"showParticleSystems":true,"showVisualEffectGraphs":true,"m_FxEnabled":true},"in2DMode":false,"pivot":{"x":74.82189178466797,"y":4.816286087036133,"z":-1.292212963104248},"rotation":{"x":0.2710684835910797,"y":-0.006065811030566692,"z":0.0017140209674835206,"w":0.9625713229179382},"size":43.701480865478519,"orthographic":false}