{"cameraMode":{"drawMode":0,"name":"Shaded","section":"Shading Mode"},"sceneLighting":false,"audioPlay":false,"sceneViewState":{"m_AlwaysRefresh":false,"showFog":true,"showSkybox":false,"showFlares":true,"showImageEffects":true,"showParticleSystems":true,"showVisualEffectGraphs":true,"m_FxEnabled":true},"in2DMode":false,"pivot":{"x":44.59967041015625,"y":19.61686897277832,"z":-0.5000076293945313},"rotation":{"x":0.09792815148830414,"y":0.27253028750419619,"z":-0.027897976338863374,"w":0.9567525386810303},"size":49.689666748046878,"orthographic":false}